{
    "accuracy": 0.8100558659217877,
    "precision": 0.7857142857142857,
    "recall": 0.7432432432432432,
    "auc": 0.8768339768339768
}